Website;Section Name;General Section
BBC;Africa;General National / International
BBC;US & Canada;General National / International
BBC;Latin America & Caribbean;General National / International
BBC;Europe;General National / International
BBC;India;General National / International
BBC;Middle East;General National / International
BBC;UK;General National / International
BBC;Asia;General National / International
BBC;Wales;General National / International
BBC;World;General National / International
BBC;Suffolk;General National / International
BBC;Manchester;General National / International
BBC;England;General National / International
BBC;China;General National / International
BBC;News from Elsewhere;General National / International
BBC;Local News;General National / International
BBC;Wiltshire;General National / International
BBC;Lancashire;General National / International
BBC;London;General National / International
BBC;Scotland;General National / International
BBC;Norfolk;General National / International
BBC;Nottingham;General National / International
BBC;Birmingham & Black Country;General National / International
BBC;Cumbria;General National / International
BBC;Leicester;General National / International
BBC;Leeds & West Yorkshire;General National / International
BBC;Devon;General National / International
BBC;Coventry & Warwickshire;General National / International
BBC;Essex;General National / International
BBC;Hampshire & Isle of Wight;General National / International
BBC;Northern Ireland;General National / International
BBC;Lincolnshire;General National / International
BBC;Humberside;General National / International
BBC;Stoke & Staffordshire;General National / International
BBC;Hereford & Worcester;General National / International
BBC;Australia;General National / International
BBC;Sheffield & South Yorkshire;General National / International
BBC;Cornwall;General National / International
BBC;Cambridgeshire;General National / International
BBC;NE Scotland, Orkney & Shetland;General National / International
BBC;Derby;General National / International
BBC;Highlands & Islands;General National / International
BBC;Edinburgh, Fife & East Scotland;General National / International
BBC;Bristol;General National / International
BBC;Dorset;General National / International
BBC;Yemen crisis;General National / International
BBC;Sussex;General National / International
BBC;Isle Of Man / Ellan Vannin;General National / International
BBC;Liverpool;General National / International
BBC;York & North Yorkshire;General National / International
BBC;South Scotland;General National / International
BBC;Gloucestershire;General National / International
BBC;Oxford;General National / International
BBC;Berkshire;General National / International
BBC;Kent;General National / International
BBC;Glasgow & West Scotland;General National / International
BBC;Somerset;General National / International
BBC;Northampton;General National / International
BBC;Guernsey;General National / International
BBC;Tees;General National / International
BBC;Foyle & West;General National / International
BBC;Shropshire;General National / International
BBC;Jersey;General National / International
BBC;Tayside and Central Scotland;General National / International
BBC;South Asia;General National / International
BBC;Asia-Pacific;General National / International
BBC;Surrey;General National / International
BBC;Bradford;General National / International
BBC;South West Wales;General National / International
BBC;South East Wales;General National / International
BBC;China blog;General National / International
BBC;US and Canada;General National / International
BBC;Renewable Heat Incentive Northern Ireland (RHI);General National / International
BBC;NI 100;General National / International
BBC;Mid Wales;General National / International
BBC;North East Wales;General National / International
BBC;North West Wales;General National / International
BBC;BBC News Services;General National / International
BBC;BBC World News: 24 hour news TV channel;General National / International
BBC;We Are Middlesbrough;General National / International
BBC;Your Coronavirus Stories;Health
BBC;UK Politics;Politics
BBC;Parliaments;Politics
BBC;Brexit;Politics
BBC;Wales politics;Politics
BBC;US Election 2020;Politics
BBC;Scotland politics;Politics
BBC;N. Ireland Politics;Politics
BBC;Election 2019;Politics
BBC;US Election 2016;Politics
BBC;New UK prime minister;Politics
BBC;Entertainment & Arts;Arts and Entertainment
BBC;In Pictures;Arts and Entertainment
BBC;Video games;Arts and Entertainment
BBC;Science & Environment;Science and Technology
BBC;Technology;Science and Technology
BBC;Reality Check;Science and Technology
BBC;Global Car Industry;Business and Finances
BBC;Business;Business and Finances
BBC;Business of Sport;Business and Finances
BBC;Your Money;Business and Finances
BBC;Scotland business;Business and Finances
BBC;Companies;Business and Finances
BBC;The Boss;Business and Finances
BBC;Global Trade;Business and Finances
BBC;Technology of Business;Business and Finances
BBC;CEO Secrets;Business and Finances
BBC;Entrepreneurship;Business and Finances
BBC;New Economy;Business and Finances
BBC;New Tech Economy;Business and Finances
BBC;Economy;Business and Finances
BBC;The Rivals;Business and Finances
BBC;Health;Health
BBC;Home;Home / House / Family / Religion
BBC;Family & Education;Home / House / Family / Religion
BBC;Tyne & Wear;Home / House / Family / Religion
BBC;Beds, Herts & Bucks;Home / House / Family / Religion
BBC;nan;Misc
BBC;Stories;Misc
BBC;Disability;Misc
BBC;Have Your Say;Misc
BBC;Newsbeat;Misc
BBC;Explainers;Misc
BBC;BBC Trending;Misc
BBC;Crossing Divides;Misc
BBC;The Papers;Misc
BBC;Long Reads;Misc
BBC;100 Women;Misc
BBC;Young Reporter;Misc
BuzzFeed News;World;General National / International
BuzzFeed News;National;General National / International
BuzzFeed News;Culture;Culture
BuzzFeed News;Books;Culture
BuzzFeed News;Politics;Politics
BuzzFeed News;Arts & Entertainment;Arts and Entertainment
BuzzFeed News;Science;Science and Technology
BuzzFeed News;Tech;Science and Technology
BuzzFeed News;Business;Business and Finances
BuzzFeed News;Health;Health
BuzzFeed News;News;Misc
BuzzFeed News;Inequality;Misc
BuzzFeed News;JPG;Misc
BuzzFeed News;Reader;Misc
CBS News;us;General National / International
CBS News;world;General National / International
CBS News;face-the-nation;General National / International
CBS News;crime;General National / International
CBS News;cbs-this-morning-saturday;General National / International
CBS News;evening-news;General National / International
CBS News;cbsn-originals;General National / International
CBS News;cbs-this-morning;General National / International
CBS News;60-minutes-overtime;General National / International
CBS News;sunday-morning;General National / International
CBS News;cbs-news-broadcasts;General National / International
CBS News;60-minutes-newsmakers;General National / International
CBS News;60-minutes-nature;General National / International
CBS News;cbsn-originals-custom;General National / International
CBS News;60-minutes-politics;General National / International
CBS News;48-hours;General National / International
CBS News;the-early-show;General National / International
CBS News;60-minutes-overtime-60-rewind;General National / International
CBS News;cbsn-on-assignment;General National / International
CBS News;unotv;General National / International
CBS News;60-minutes-previews;General National / International
CBS News;us-ap-us;General National / International
CBS News;60-minutes-preview;General National / International
CBS News;evening-news-cbs-news-investigates;General National / International
CBS News;sports;Sports
CBS News;60-minutes-sports;Sports
CBS News;politics;Politics
CBS News;entertainment;Arts and Entertainment
CBS News;60-minutes-entertainment;Arts and Entertainment
CBS News;space;Science and Technology
CBS News;science;Science and Technology
CBS News;60-minutes-science;Science and Technology
CBS News;tech;Science and Technology
CBS News;technology;Science and Technology
CBS News;moneywatch;Business and Finances
CBS News;moneywatch-tech;Business and Finances
CBS News;moneywatch-trending;Business and Finances
CBS News;moneywatch-markets;Business and Finances
CBS News;moneywatch-money;Business and Finances
CBS News;moneywatch-work;Business and Finances
CBS News;moneywatch-small-business;Business and Finances
CBS News;moneywatch-marketing;Business and Finances
CBS News;60-minutes-business;Business and Finances
CBS News;cbsn-moneywatch;Business and Finances
CBS News;health;Health
CBS News;cbs-this-morning-healthwatch;Health
CBS News;global-innovations-health;Health
CBS News;nan;Misc
CBS News;cbsvillage;Misc
CBS News;help;Misc
CBS News;the-takeout-full-episodes;Misc
CNN;news;General National / International
CNN;asia;General National / International
CNN;world;General National / International
CNN;europe;General National / International
CNN;uk;General National / International
CNN;australia;General National / International
CNN;us;General National / International
CNN;middleeast;General National / International
CNN;india;General National / International
CNN;americas;General National / International
CNN;africa;General National / International
CNN;china;General National / International
CNN;cnn10;General National / International
CNN;app-news-section;General National / International
CNN;app-international-edition;General National / International
CNN;sport;Sports
CNN;golf;Sports
CNN;tennis;Sports
CNN;football;Sports
CNN;politics;Politics
CNN;app-politics-section;Politics
CNN;politics-zone-injection;Politics
CNN;travel-stay;Arts and Entertainment
CNN;entertainment;Arts and Entertainment
CNN;travel;Arts and Entertainment
CNN;foodanddrink;Arts and Entertainment
CNN;arts;Arts and Entertainment
CNN;travel-play;Arts and Entertainment
CNN;media;Arts and Entertainment
CNN;cars;Arts and Entertainment
CNN;shows;Arts and Entertainment
CNN;motorsport;Arts and Entertainment
CNN;movies;Arts and Entertainment
CNN;hotels;Arts and Entertainment
CNN;autos;Arts and Entertainment
CNN;tv-shows;Arts and Entertainment
CNN;vr;Arts and Entertainment
CNN;tech;Science and Technology
CNN;app-tech-section;Science and Technology
CNN;success;Business and Finances
CNN;economy;Business and Finances
CNN;business;Business and Finances
CNN;investing;Business and Finances
CNN;intl_business;Business and Finances
CNN;seo-planning;Business and Finances
CNN;business-india;Business and Finances
CNN;health;Health
CNN;energy;Health
CNN;luxury;Home / House / Family / Religion
CNN;architecture;Home / House / Family / Religion
CNN;design;Home / House / Family / Religion
CNN;fashion;Home / House / Family / Religion
CNN;beauty;Home / House / Family / Religion
CNN;style;Home / House / Family / Religion
CNN;celebrities;Home / House / Family / Religion
CNN;nan;Misc
CNN;perspectives;Misc
CNN;opinions;Misc
CNN;homepage;Misc
CNN;weather;Misc
The GUARDIAN;US news;General National / International
The GUARDIAN;Society;General National / International
The GUARDIAN;News;General National / International
The GUARDIAN;World news;General National / International
The GUARDIAN;Environment;General National / International
The GUARDIAN;Australia news;General National / International
The GUARDIAN;Global development;General National / International
The GUARDIAN;Global;General National / International
The GUARDIAN;UK news;General National / International
The GUARDIAN;Life and style;General National / International
The GUARDIAN;From the Observer;General National / International
The GUARDIAN;NewsWise;General National / International
The GUARDIAN;The Guardian Foundation;General National / International
The GUARDIAN;GNM archive;General National / International
The GUARDIAN;From the Guardian;General National / International
The GUARDIAN;Cardiff;General National / International
The GUARDIAN;Culture;Culture
The GUARDIAN;Football;Sports
The GUARDIAN;Sport;Sports
The GUARDIAN;Politics;Politics
The GUARDIAN;Law;Politics
The GUARDIAN;GNM press office;Politics
The GUARDIAN;Guardian US press office;Politics
The GUARDIAN;Guardian Australia press office;Politics
The GUARDIAN;Books;Arts and Entertainment
The GUARDIAN;Media;Arts and Entertainment
The GUARDIAN;Music;Arts and Entertainment
The GUARDIAN;Television & radio;Arts and Entertainment
The GUARDIAN;Art and design;Arts and Entertainment
The GUARDIAN;Travel;Arts and Entertainment
The GUARDIAN;Film;Arts and Entertainment
The GUARDIAN;Games;Arts and Entertainment
The GUARDIAN;Technology;Science and Technology
The GUARDIAN;Science;Science and Technology
The GUARDIAN;Business;Business and Finances
The GUARDIAN;Money;Business and Finances
The GUARDIAN;Food;Health
The GUARDIAN;Mental health supplement 2019;Health
The GUARDIAN;Professional supplements;Health
The GUARDIAN;Education;Home / House / Family / Religion
The GUARDIAN;Fashion;Home / House / Family / Religion
The GUARDIAN;Animals farmed;Home / House / Family / Religion
The GUARDIAN;Cities;Home / House / Family / Religion
The GUARDIAN;GNM education centre;Home / House / Family / Religion
The GUARDIAN;Opinion;Misc
The GUARDIAN;Stage;Misc
The GUARDIAN;Weather;Misc
The GUARDIAN;Membership;Misc
The GUARDIAN;Guardian Careers;Misc
The GUARDIAN;Inequality;Misc
The GUARDIAN;Focus;Misc
The GUARDIAN;Help;Misc
The GUARDIAN;Info;Misc
The GUARDIAN;Guardian Masterclasses;Misc
The GUARDIAN;About;Misc
The GUARDIAN;Community;Misc
The GUARDIAN;All together;Misc
HUFFPOST;Black Voices;General National / International
HUFFPOST;U.S. News;General National / International
HUFFPOST;Environment;General National / International
HUFFPOST;World News;General National / International
HUFFPOST;Asian Voices;General National / International
HUFFPOST;HuffPost Personal;General National / International
HUFFPOST;Impact;General National / International
HUFFPOST;Crime;General National / International
HUFFPOST;Latino Voices;General National / International
HUFFPOST;Queer Voices;Culture
HUFFPOST;Culture & Arts;Culture
HUFFPOST;Sports;Sports
HUFFPOST;Politics;Politics
HUFFPOST;Entertainment;Arts and Entertainment
HUFFPOST;Travel;Arts and Entertainment
HUFFPOST;Videos;Arts and Entertainment
HUFFPOST;Comedy;Arts and Entertainment
HUFFPOST;Media;Arts and Entertainment
HUFFPOST;TV & Film;Arts and Entertainment
HUFFPOST;Weird News;Arts and Entertainment
HUFFPOST;Books;Arts and Entertainment
HUFFPOST;Tech;Science and Technology
HUFFPOST;Science;Science and Technology
HUFFPOST;Wellness;Business and Finances
HUFFPOST;Business;Business and Finances
HUFFPOST;Money;Business and Finances
HUFFPOST;Health;Health
HUFFPOST;Food & Drink;Health
HUFFPOST;Parenting;Home / House / Family / Religion
HUFFPOST;Style & Beauty;Home / House / Family / Religion
HUFFPOST;Home & Living;Home / House / Family / Religion
HUFFPOST;Relationships;Home / House / Family / Religion
HUFFPOST;Work/Life;Home / House / Family / Religion
HUFFPOST;Celebrity;Misc
HUFFPOST;Opinion;Misc
HUFFPOST;Huffington Post;Misc
RT News;World News;General National / International
RT News;USA News;General National / International
RT News;Russia & Former Soviet Union;General National / International
RT News;UK News;General National / International
RT News;RT360;General National / International
RT News;Newsline;General National / International
RT News;Sport News;Sports
RT News;Official word;Politics
RT News;Press releases;Politics
RT News;Viral;Arts and Entertainment
RT News;Business News;Business and Finances
RT News;Sponsored content;Misc
RT News;Victory Mail;Misc
New York Times;World;General National / International
New York Times;U.S.;General National / International
New York Times;New York;General National / International
New York Times;Reader Center;General National / International
New York Times;The Learning Network;General National / International
New York Times;Briefing;General National / International
New York Times;Universal;General National / International
New York Times;International Home;General National / International
New York Times;Sunday Review;General National / International
New York Times;The Weekly;General National / International
New York Times;Today's International New York Times;General National / International
New York Times;Today’s Paper;General National / International
New York Times;Sports;Sports
New York Times;Movies;Arts and Entertainment
New York Times;Books;Arts and Entertainment
New York Times;Arts;Arts and Entertainment
New York Times;Theater;Arts and Entertainment
New York Times;Crosswords & Games;Arts and Entertainment
New York Times;Travel;Arts and Entertainment
New York Times;T Magazine;Arts and Entertainment
New York Times;Automobiles;Arts and Entertainment
New York Times;Multimedia/Photos;Arts and Entertainment
New York Times;Video;Arts and Entertainment
New York Times;Science;Science and Technology
New York Times;Technology;Science and Technology
New York Times;Business;Business and Finances
New York Times;Your Money;Business and Finances
New York Times;Times Insider;Business and Finances
New York Times;Health;Health
New York Times;Food;Health
New York Times;The Upshot;Health
New York Times;Real Estate;Home / House / Family / Religion
New York Times;Style;Home / House / Family / Religion
New York Times;Magazine;Home / House / Family / Religion
New York Times;Smarter Living;Home / House / Family / Religion
New York Times;Parenting;Home / House / Family / Religion
New York Times;Education;Home / House / Family / Religion
New York Times;Fashion;Home / House / Family / Religion
New York Times;Well;Home / House / Family / Religion
New York Times;At Home;Home / House / Family / Religion
New York Times;Home & Garden;Home / House / Family / Religion
New York Times;null;Misc
New York Times;Opinion;Misc
New York Times;Obituaries;Misc
New York Times;Corrections;Misc
New York Times;Climate;Misc
New York Times;Neediest Cases;Misc
New York Times;Podcasts;Misc
New York Times;T Brand;Misc
New York Times;Lens;Misc
New York Times;Admin;Misc
New York Times;en Español;Misc
New York Times;Home Page;Misc
New York Times;Guides;Misc
Washington Post;Local Crime & Public Safety;General National / International
Washington Post;Middle East;General National / International
Washington Post;National;General National / International
Washington Post;D.C., Md. & Va.;General National / International
Washington Post;Road to Recovery;General National / International
Washington Post;Europe;General National / International
Washington Post;PowerPost;General National / International
Washington Post;The Answer Sheet;General National / International
Washington Post;World;General National / International
Washington Post;Asia;General National / International
Washington Post;National Security;General National / International
Washington Post;Gridlock;General National / International
Washington Post;Africa;General National / International
Washington Post;Morning Mix;General National / International
Washington Post;The Post's View;General National / International
Washington Post;NHL;General National / International
Washington Post;Act Four;General National / International
Washington Post;True Crime;General National / International
Washington Post;Crime;General National / International
Washington Post;Coronavirus;Health
Washington Post;Justice;General National / International
Washington Post;Maryland;General National / International
Washington Post;Climate Solutions;General National / International
Washington Post;Virginia;General National / International
Washington Post;The Switch - OLD;General National / International
Washington Post;The WorldPost;General National / International
Washington Post;The District;General National / International
Washington Post;Internet Culture;Culture
Washington Post;NBA;Sports
Washington Post;WNBA;Sports
Washington Post;Boxing & MMA;Sports
Washington Post;High School Sports;Sports
Washington Post;Olympics;Sports
Washington Post;Washington Nationals;Sports
Washington Post;D.C. Sports Bog;Sports
Washington Post;MLB;Sports
Washington Post;Sports;Sports
Washington Post;College Sports;Sports
Washington Post;Washington Capitals;Sports
Washington Post;NFL;Sports
Washington Post;Washington Football Team;Sports
Washington Post;Soccer;Sports
Washington Post;Golf;Sports
Washington Post;Maryland Terrapins;Sports
Washington Post;Auto Racing;Sports
Washington Post;Horse Racing;Sports
Washington Post;Grade Point - OLD;Sports
Washington Post;Tennis;Sports
Washington Post;Fantasy Football;Sports
Washington Post;Washington Post PR Blog;Sports
Washington Post;Esports;Sports
Washington Post;D.C. United - OLD;Sports
Washington Post;College Basketball - OLD;Sports
Washington Post;Politics;Politics
Washington Post;White House;Politics
Washington Post;Fact Checker;Politics
Washington Post;The Fix;Politics
Washington Post;Monkey Cage;Politics
Washington Post;Courts & Law;Politics
Washington Post;National Security - OLD;Politics
Washington Post;Legal Issues;Politics
Washington Post;Maryland Politics;Politics
Washington Post;Made by History;Politics
Washington Post;Social Issues;Politics
Washington Post;D.C. Politics;Politics
Washington Post;Post Politics;Politics
Washington Post;Immigration;Politics
Washington Post;Real Estate;Politics
Washington Post;Virginia Politics;Politics
Washington Post;Elections;Politics
Washington Post;Immigration - OLD;Politics
Washington Post;Clinton Impeachment Archive;Politics
Washington Post;U.S. Policy;Politics
Washington Post;Intelligence;Politics
Washington Post;Music;Arts and Entertainment
Washington Post;Pop Culture;Arts and Entertainment
Washington Post;Arts & Entertainment;Arts and Entertainment
Washington Post;Going Out Guide;Arts and Entertainment
Washington Post;Travel;Arts and Entertainment
Washington Post;Americas;Arts and Entertainment
Washington Post;Media;Arts and Entertainment
Washington Post;Theater & Dance;Arts and Entertainment
Washington Post;Video Game News;Arts and Entertainment
Washington Post;Video Game Reviews;Arts and Entertainment
Washington Post;Style;Arts and Entertainment
Washington Post;Museums;Arts and Entertainment
Washington Post;Comics;Arts and Entertainment
Washington Post;Books;Arts and Entertainment
Washington Post;By The Way - Travel;Arts and Entertainment
Washington Post;By The Way - Guides - Italy;Arts and Entertainment
Washington Post;By The Way - Tips;Arts and Entertainment
Washington Post;Inspired Life;Arts and Entertainment
Washington Post;Movies;Arts and Entertainment
Washington Post;Express;Arts and Entertainment
Washington Post;Restaurants & Bars;Arts and Entertainment
Washington Post;Video Game Tips;Arts and Entertainment
Washington Post;Video Gaming;Arts and Entertainment
Washington Post;By The Way - Guides - United States;Arts and Entertainment
Washington Post;By The Way - Guides - France;Arts and Entertainment
Washington Post;By The Way - Guides - Japan;Arts and Entertainment
Washington Post;By The Way - Guides - New Zealand;Arts and Entertainment
Washington Post;Mystics;Arts and Entertainment
Washington Post;By The Way - Guides - India;Arts and Entertainment
Washington Post;By The Way - Guides - Iceland;Arts and Entertainment
Washington Post;By The Way - Guides - Greece;Arts and Entertainment
Washington Post;By The Way - Guides - Croatia;Arts and Entertainment
Washington Post;Bars and Clubs;Arts and Entertainment
Washington Post;Technology;Science and Technology
Washington Post;Health and Science;Science and Technology
Washington Post;Tech Policy;Science and Technology
Washington Post;Space;Science and Technology
Washington Post;Consumer Tech;Science and Technology
Washington Post;Science;Science and Technology
Washington Post;Energy and Environment - OLD;Science and Technology
Washington Post;Innovations;Science and Technology
Washington Post;Future of Transportation;Science and Technology
Washington Post;Classic Apps;Science and Technology
Washington Post;Business;Business and Finances
Washington Post;Economy;Business and Finances
Washington Post;Personal Finance;Business and Finances
Washington Post;Economic Policy;Business and Finances
Washington Post;Voraciously;Business and Finances
Washington Post;Small Business;Business and Finances
Washington Post;Wellness;Business and Finances
Washington Post;Capital Weather Gang;Business and Finances
Washington Post;Personal Finance - OLD;Business and Finances
Washington Post;Capital Business;Business and Finances
Washington Post;Medical Mysteries;Health
Washington Post;Health;Health
Washington Post;Health and Science - OLD;Health
Washington Post;Health Policy;Health
Washington Post;Health Care;Health
Washington Post;Relationships;Home / House / Family / Religion
Washington Post;Parenting;Home / House / Family / Religion
Washington Post;Local Education;Home / House / Family / Religion
Washington Post;Washington Wizards;Home / House / Family / Religion
Washington Post;Retropolis;Home / House / Family / Religion
Washington Post;Education;Home / House / Family / Religion
Washington Post;Animals;Home / House / Family / Religion
Washington Post;Food;Home / House / Family / Religion
Washington Post;Higher Education;Home / House / Family / Religion
Washington Post;Religion;Home / House / Family / Religion
Washington Post;Home & Garden;Home / House / Family / Religion
Washington Post;Transportation;Home / House / Family / Religion
Washington Post;Acts of Faith - OLD;Home / House / Family / Religion
Washington Post;KidsPost;Home / House / Family / Religion
Washington Post;Lifestyle;Home / House / Family / Religion
Washington Post;Energy;Home / House / Family / Religion
Washington Post;Fashion;Home / House / Family / Religion
Washington Post;Where We Live;Home / House / Family / Religion
Washington Post;Outlook;Misc
Washington Post;PostEverything;Misc
Washington Post;Obituaries;Misc
Washington Post;Ask the Post;Misc
Washington Post;Climate & Environment;Misc
Washington Post;Washington Post Live;Misc
Washington Post;Investigations;Misc
Washington Post;Opinions;Misc
Washington Post;Global Opinions;Misc
Washington Post;Local Opinions;Misc
Washington Post;WorldViews - old;Misc
Washington Post;Local Transportation;Misc
Washington Post;The Plum Line;Misc
Washington Post;Letters to the Editor;Misc
Washington Post;The Washington Post Magazine;Misc
Washington Post;TV;Misc
Washington Post;Polling;Misc
Washington Post;Military;Misc
Washington Post;Tablet;Misc
Washington Post;Post Opinión;Misc
Washington Post;Reliable Source;Misc
Washington Post;Advice;Misc
Washington Post;Book Party;Misc
Washington Post;Visual Forensics;Misc
Washington Post;Opinion Columns;Misc
Washington Post;Leadership;Misc
Washington Post;History;Misc
Washington Post;Wonkblog - OLD;Misc
FOX NEWS;root;General National / International
FOX NEWS;us;General National / International
FOX NEWS;official-polls;General National / International
FOX NEWS;Kennedy Saves The World;General National / International
FOX NEWS;world;General National / International
FOX NEWS;real-estate;General National / International
FOX NEWS;Brian Kilmeade Daily Podcast;General National / International
FOX NEWS;Fox Across America;General National / International
FOX NEWS;fox_and_friends;General National / International
FOX NEWS;great-outdoors;General National / International
FOX NEWS;The One;General National / International
FOX NEWS;Tyrus and Timpf;General National / International
FOX NEWS;Hemmer Time;General National / International
FOX NEWS;Perino and Stirewalt;General National / International
FOX NEWS;Livin' The Bream;General National / International
FOX NEWS;Tom Shillue Daily Podcast;General National / International
FOX NEWS;Tom Shillue;General National / International
FOX NEWS;News;General National / International
FOX NEWS;FOX News Rundown;General National / International
FOX NEWS;watters_world;General National / International
FOX NEWS;fox_nation;General National / International
FOX NEWS;Proud American;General National / International
FOX NEWS;Riddle;General National / International
FOX NEWS;Take Two;General National / International
FOX NEWS;FOX Top 5;General National / International
FOX NEWS;Will Cain Podcast;General National / International
FOX NEWS;Derby City Betrayal;General National / International
FOX NEWS;sports;Sports
FOX NEWS;politics;Politics
FOX NEWS;Brian Kilmeade;Politics
FOX NEWS;transcript;Politics
FOX NEWS;From Washington;Politics
FOX NEWS;The Speaker's Lobby;Politics
FOX NEWS;The Candidates;Politics
FOX NEWS;The Ashley Webster Experience;Politics
FOX NEWS;The Impeachment Witch Hunt;Politics
FOX NEWS;The Positive Populist;Politics
FOX NEWS;Trey Gowdy;Politics
FOX NEWS;Election Rewind;Politics
FOX NEWS;FOX Nation Presents;Politics
FOX NEWS;Guy Benson;Politics
FOX NEWS;shows;Arts and Entertainment
FOX NEWS;media;Arts and Entertainment
FOX NEWS;auto;Arts and Entertainment
FOX NEWS;travel;Arts and Entertainment
FOX NEWS;entertainment;Arts and Entertainment
FOX NEWS;Entertainment;Arts and Entertainment
FOX NEWS;Featured 3;Arts and Entertainment
FOX NEWS;Featured;Arts and Entertainment
FOX NEWS;media_buzz;Arts and Entertainment
FOX NEWS;Guy Benson Daily Podcast;Arts and Entertainment
FOX NEWS;Children of Song;Arts and Entertainment
FOX NEWS;MEDIA BUZZmeter;Arts and Entertainment
FOX NEWS;video;Arts and Entertainment
FOX NEWS;story;Arts and Entertainment
FOX NEWS;science;Science and Technology
FOX NEWS;tech;Science and Technology
FOX NEWS;Gerri Willis Podcast;Business and Finances
FOX NEWS;Everyone Talks To Liz Claman;Business and Finances
FOX NEWS;health;Health
FOX NEWS;lifestyle;Health
FOX NEWS;food-drink;Health
FOX NEWS;FOX & Food;Health
FOX NEWS;faith-values;Home / House / Family / Religion
FOX NEWS;Lighthouse Faith;Home / House / Family / Religion
FOX NEWS;Jason Chaffetz Podcast;Home / House / Family / Religion
FOX NEWS;We're Momming Today!;Home / House / Family / Religion
FOX NEWS;opinion;Misc
FOX NEWS;weather;Misc
FOX NEWS;category;Misc
FOX NEWS;Uncategorized;Misc
FOX NEWS;The Untold Story;Misc
FOX NEWS;the_story;Misc
FOX NEWS;Specials;Misc
FOX NEWS;All-Star Panel;Misc
FOX NEWS;Featured 2;Misc
FOX NEWS;The Whip Around;Misc
FOX NEWS;Getting Schooled;Misc
FOX NEWS;Ben Domenech;Misc
FOX NEWS;Featured 6;Misc
FOX NEWS;Featured 5;Misc
FOX NEWS;Featured 4;Misc
The SUN;World News;General National / International
The SUN;UK News;General National / International
The SUN;US News;General National / International
The SUN;Scottish News;General National / International
The SUN;Irish News;General National / International
The SUN;Brexit;Politics
The SUN;Politics;Politics
The SUN;Health News;Health
The SUN;Opinion;Misc
